{"entities":{"pages":{"1. Introduction":{"id":"1. Introduction","title":"1. Introduction","url":"1-introduction.html","level":0,"tabIndex":0},"Предварительные-требования":{"id":"Предварительные-требования","title":"2. Предварительные требования","url":"предварительные-требования.html","level":0,"tabIndex":1},"Настройка-проекта-AWS-SAM":{"id":"Настройка-проекта-AWS-SAM","title":"3. Настройка проекта AWS SAM","url":"настройка-проекта-aws-sam.html","level":0,"tabIndex":2},"Создание-пайплайна-CI-CD":{"id":"Создание-пайплайна-CI-CD","title":"4. Создание пайплайна CI/CD","url":"создание-пайплайна-ci-cd.html","level":0,"tabIndex":3},"5-Определение-пайплайна-в-SAM":{"id":"5-Определение-пайплайна-в-SAM","title":"5. Определение пайплайна в SAM","url":"5-определение-пайплайна-в-sam.html","level":0,"tabIndex":4},"6-Настройка-CI-CD-пайплайна":{"id":"6-Настройка-CI-CD-пайплайна","title":"6. Настройка CI/CD пайплайна","url":"6-настройка-ci-cd-пайплайна.html","level":0,"tabIndex":5},"7-Запуск-и-тестирование-пайплайна":{"id":"7-Запуск-и-тестирование-пайплайна","title":"7. Запуск и тестирование пайплайна","url":"7-запуск-и-тестирование-пайплайна.html","level":0,"tabIndex":6},"8-Управление-и-мониторинг":{"id":"8-Управление-и-мониторинг","title":"8. Управление и мониторинг","url":"8-управление-и-мониторинг.html","level":0,"tabIndex":7},"9-Лучшие-практики-и-оптимизация":{"id":"9-Лучшие-практики-и-оптимизация","title":"9. Лучшие практики и оптимизация","url":"9-лучшие-практики-и-оптимизация.html","level":0,"tabIndex":8},"10-Заключение":{"id":"10-Заключение","title":"10. Заключение","url":"10-заключение.html","level":0,"tabIndex":9},"11-Приложения":{"id":"11-Приложения","title":"11. Приложения","url":"11-приложения.html","level":0,"tabIndex":10},"Default-topic":{"id":"Default-topic","title":"This is the first topic","url":"default-topic.html","level":0,"tabIndex":11}}},"topLevelIds":["1. Introduction","Предварительные-требования","Настройка-проекта-AWS-SAM","Создание-пайплайна-CI-CD","5-Определение-пайплайна-в-SAM","6-Настройка-CI-CD-пайплайна","7-Запуск-и-тестирование-пайплайна","8-Управление-и-мониторинг","9-Лучшие-практики-и-оптимизация","10-Заключение","11-Приложения","Default-topic"]}